key,source,target,status
app.title,VetBara,VetBara,draft
app.subtitle,Digital examination workspace,Digitalno izpitno okolje,draft
language.label,Language,Jezik,draft
language.draftPreviewWarning,Draft machine translation preview — not approved for official VETcert exam use.,Osnutek strojnega prevoda — ni odobren za uradno uporabo pri izpitu VETcert.,draft
role.centre,Centre,Center,draft
role.candidate,Candidate,Kandidat,draft
role.examiner,Examiner,Izpraševalec,draft
pilot.smoke.title,Pilot smoke-test checklist,Kontrolni seznam pilotnega preizkusa,draft
pilot.smoke.subtitle,Use this after each deploy to confirm the pilot workflow still works.,Use this after each deploy to confirm the pilot workflow still works.,draft
pilot.smoke.loadCentre,Load Centre Setup,Naloži Centre Nastavitev,draft
pilot.smoke.candidatesExaminers,Confirm candidates and examiners are visible,Confirm kandidats and izpitiners are visible,draft
pilot.smoke.testPackage,Import or verify test package,Uvozi or verify test paket,draft
pilot.smoke.candidateQr,Open Candidate QR and save a written test answer,Odpri Kandidat QR and shrani a written test odgovor,draft
pilot.smoke.report,"For Consulting Candidate, save report draft and pilot/archive placeholder","For Consulting Kandidat, shrani poročilo draft and pilot/archive placeholder",draft
pilot.smoke.examinerQr,Open Examiner QR and save outdoor score and note,Odpri Izpitiner QR and shrani outdoor točke and note,draft
pilot.smoke.preview,Load Evaluation Preview,Naloži Evaluation Preview,draft
pilot.smoke.draftExport,Download Draft Export,Downnaloži Draft Izvozi,draft
pilot.smoke.auditExport,Download Centre Audit Package,Downnaloži Centre Audit Paket,draft
pilot.release.title,Pilot release notes,Pilot release notes,draft
pilot.release.subtitle,This panel describes the pilot prototype scope. It is not the official VETcert certification output.,This panel describes the pilot prototype scope. It is not the official VETcert certification output.,draft
pilot.release.available,Available in this pilot,Available in this pilot,draft
pilot.release.notIncluded,Not included yet,Not included yet,draft
help.candidate.title,Candidate quick help,Kandidat quick help,draft
help.candidate.qr,Scan your personal Candidate QR issued by the Centre.,Scan your personal Kandidat QR issued by the Centre.,draft
help.candidate.identity,Confirm your identity before opening sections.,Confirm your identity before odpriing sekcijas.,draft
help.candidate.autosave,Written test answers autosave to the sync queue.,Written test odgovors autoshrani to the sync queue.,draft
help.candidate.photos,"Consulting report photo entries are pilot/archive placeholders, not real uploads yet.","Consulting poročilo fotografija entries are pilot/archive placeholders, not real upnaložis yet.",draft
help.candidate.ask,"If something looks wrong, ask Centre staff before final submit.","If something looks wrong, ask Centre staff before final submit.",draft
help.examiner.title,Examiner quick help,Izpitiner quick help,draft
help.examiner.qr,Scan your personal Examiner QR issued by the Centre.,Scan your personal Izpitiner QR issued by the Centre.,draft
help.examiner.identity,Confirm your identity before opening outdoor forms.,Confirm your identity before odpriing outdoor forms.,draft
help.examiner.assigned,Only assigned Candidates are shown.,Only assigned Kandidats are shown.,draft
help.examiner.primary,Primary Examiner completes the full outdoor form; Secondary input is supporting.,Primary Izpitiner completes the full outdoor form; Secondary input is supporting.,draft
help.examiner.autosave,Scores and notes autosave to the sync queue.,Točkes and notes autoshrani to the sync queue.,draft
help.examiner.missing,"If assigned Candidates are missing, ask the Centre to assign and save Centre Setup.","If assigned Kandidats are missing, ask the Centre to assign and shrani Centre Nastavitev.",draft
centre.validation.title,Centre Setup checks,Preverjanja nastavitve centra,draft
centre.validation.ready,Ready for pilot smoke test,Pripravljeno for pilot smoke test,draft
centre.validation.action,Action required before pilot smoke test,Action required before pilot smoke test,draft
centre.validation.helper,Errors should be fixed before distributing QR links. Warnings can be reviewed during pilot preparation.,Napakas should be fixed before distributing QR links. Opozorilos can be reviewed during pilot preparation.,draft
centre.validation.empty,No validation issues. Setup is ready for pilot smoke test.,Ni težav pri validaciji. Nastavitev je pripravljena za pilotni preizkus.,draft
centre.guardrails.title,Pilot readiness guardrails,Pilot readiness guardrails,draft
centre.guardrails.helper,"These guardrails do not block demo testing, but they should be resolved before a real pilot run.","These guardrails do not block demo testing, but they should be resolved before a real pilot run.",draft
centre.guardrails.ready,Pilot readiness looks good.,Pilot readiness looks good.,draft
centre.guardrails.validation,Fix validation errors before distributing QR links.,Fix validacija napakas before distributing QR links.,draft
centre.guardrails.unsaved,Save Centre Setup before distributing QR links.,Shrani Centre Nastavitev before distributing QR links.,draft
centre.guardrails.testPackage,Import/select a test package before written test pilot runs.,Uvozi/select a test paket before written test pilot runs.,draft
centre.guardrails.backend,Load backend Centre Setup before pilot testing with real users.,Naloži backend Centre Nastavitev before pilot testing with real users.,draft
centre.run.title,Pilot run summary,Pilot run summary,draft
centre.run.helper,Use this summary before sharing Candidate or Examiner QR links.,Use this summary before sharing Kandidat or Izpitiner QR links.,draft
centre.run.dataMode,Data mode,Data mode,draft
centre.run.setup,Centre Setup,Centre Nastavitev,draft
centre.run.validation,Validation,Validacija,draft
centre.run.testPackage,Test package,Test paket,draft
centre.run.qrDistribution,QR distribution,QR distribution,draft
centre.run.backend,backend-loaded pilot data,backend-naložied pilot data,draft
centre.run.demo,demo fallback data,demo fallback data,draft
centre.run.saved,Saved / no local changes,Shranid / no local changes,draft
centre.run.unsaved,Unsaved local changes,Unshranid local changes,draft
centre.run.imported,Imported,Uvozied,draft
centre.run.missing,Missing,Missing,draft
centre.run.qrReady,Ready after setup is saved and backend-loaded,Pripravljeno after nastavitev is shranid and backend-naložied,draft
centre.run.review,Review guardrails,Review guardrails,draft
centre.network.title,Network readiness checklist,Network readiness checklist,draft
centre.network.helper,Use this before distributing Candidate QR and Examiner QR links during a pilot session.,Use this before distributing Kandidat QR and Izpitiner QR links during a pilot session.,draft
centre.network.wifi,Stable Wi-Fi/router is running,Stable Wi-Fi/router is running,draft
centre.network.internet,Internet access works on tablets,Internet access works on tablets,draft
centre.network.url,Deployed VetBara URL opens on tablets,Deployed VetBara URL odpris on tablets,draft
centre.network.centreQr,Centre QR/session opens,Centre QR/session odpris,draft
centre.network.candidateQr,Candidate QR opens on a tablet,Kandidat QR odpris on a tablet,draft
centre.network.examinerQr,Examiner QR opens on a tablet,Izpitiner QR odpris on a tablet,draft
centre.network.setup,Save/Load Centre Setup tested,Shrani/Naloži Centre Nastavitev tested,draft
centre.network.sync,Sync/Audit panel checked,Sync/Audit panel checked,draft
centre.network.export,Export download tested,Izvozi downnaloži tested,draft
qr.title,Centre / QR access pack,Centre / QR access pack,draft
qr.subtitle,Give each Candidate or Examiner only their own Candidate QR or Examiner QR link. Backend-loaded QR URLs appear after Load/Save Centre Setup; demo fallback QR links are for local prototype testing only.,Give each Kandidat or Izpitiner only their own Kandidat QR or Izpitiner QR link. Backend-naložied QR URLs appear after Naloži/Shrani Centre Nastavitev; demo fallback QR links are for local prototype testing only.,draft
qr.candidateLinks,Candidate QR links,Kandidat QR links,draft
qr.examinerLinks,Examiner QR links,Izpitiner QR links,draft
qr.copy,Copy link,Copy link,draft
common.scanQr,Scan QR,Scan QR,draft
common.loggedIn,Logged in,Logged in,draft
common.logout,Logout,Logout,draft
candidate.view.title,Candidate / Tablet login and workspace,Kandidat / Tablet login and workspace,draft
candidate.view.subtitle,"Candidate opens only their own QR workspace, confirms identity, then completes each exam section.","Kandidat odpris only their own QR workspace, confirms identity, then completes each izpit sekcija.",draft
candidate.qrAccess.title,Candidate QR access,Kandidat QR access,draft
candidate.qrAccess.helper,Scan the personal QR issued by the Centre. This portal only shows the current Candidate workspace.,Scan the personal QR issued by the Centre. This portal only shows the trenutno Kandidat workspace.,draft
candidate.empty,No Candidate is logged in. Scan the personal Candidate QR issued by the Centre.,No Kandidat is logged in. Scan the personal Kandidat QR issued by the Centre.,draft
examiner.view.title,Examiner / Landing page and Outdoor exercises,Izpitiner / Landing page and Outdoor exercises,draft
examiner.view.subtitle,"Examiner logs in, confirms identity, sees assigned candidates and opens outdoor forms.","Izpitiner logs in, confirms identity, sees assigned kandidats and odpris outdoor forms.",draft
examiner.qrAccess.title,Examiner QR access,Izpitiner QR access,draft
examiner.qrAccess.helper,Scan the personal Examiner QR issued by the Centre. This portal only shows assigned Candidate work.,Scan the personal Izpitiner QR issued by the Centre. This portal only shows assigned Kandidat work.,draft
examiner.empty,No Examiner is logged in. Scan the personal Examiner QR issued by the Centre.,No Izpitiner is logged in. Scan the personal Izpitiner QR issued by the Centre.,draft
candidate.identity.confirm,Confirm identity,Confirm identity,draft
candidate.sections.open,Open section,Odpri sekcija,draft
test.title,Written test,Written test,draft
test.noQuestions,No written test questions are available for this variant.,No written test vprašanjes are available for this variant.,draft
test.submit,Submit and close written test,Submit and close written test,draft
report.fieldNotes,Field notes,Field notes,draft
common.back,Back,Back,draft
common.offlineRetry,"If offline, visible local work remains and sync will retry when session/backend is available.","If offline, visible local work remains and sync will retry when session/backend is available.",draft
common.opened,Opened,Odpried,draft
common.closed,Closed,Closed,draft
common.points,point(s),point(s),draft
candidate.identity.detailsTitle,Confirm personal details,Confirm personal details,draft
candidate.identity.name,Candidate name,Kandidat name,draft
candidate.identity.examLevel,Exam level,Izpit level,draft
candidate.identity.warning,Confirm identity before opening exam sections.,Confirm identity before odpriing izpit sekcijas.,draft
candidate.identity.confirmed,Identity confirmed,Identity confirmed,draft
candidate.landing.title,Candidate landing page,Kandidat landing page,draft
candidate.landing.helper,Review which sections are ready before opening work for this exam attempt.,Review which sekcijas are pripravljeno before odpriing work for this izpit attempt.,draft
candidate.readiness.identity,Identity confirmed,Identity confirmed,draft
candidate.readiness.writtenTest,Written test available,Written test available,draft
candidate.readiness.report,Report section available,Poročilo sekcija available,draft
candidate.section.confirmFirst,Confirm identity first.,Confirm identity first.,draft
candidate.section.closed,This section is closed.,This sekcija is closed.,draft
candidate.section.open,This section is open.,This sekcija is odpri.,draft
candidate.section.locked,This section is locked.,This sekcija is locked.,draft
candidate.section.requestReopen,Request reopen,Request reodpri,draft
test.variantAutosave,Variant: {variant}. Autosaved to the sync queue. Final submit closes this section.,Variant: {variant}. Autoshranid to the sync queue. Final submit closes this sekcija.,draft
test.askCentre,Ask the Centre to import/select a test package and save Centre Setup.,Ask the Centre to uvozi/select a test paket and shrani Centre Nastavitev.,draft
test.question,Question,Vprašanje,draft
test.writeAnswer,Write your answer here,Write your odgovor here,draft
examiner.writtenReview.title,Written test review,Written test review,draft
examiner.writtenReview.variant,Variant,Variant,draft
examiner.writtenReview.correct,correct,correct,draft
examiner.writtenReview.incorrect,incorrect,incorrect,draft
examiner.writtenReview.unanswered,unanswered,unodgovored,draft
examiner.writtenReview.manual,manual review,manual review,draft
examiner.writtenReview.candidateAnswer,Candidate answer,Kandidat odgovor,draft
examiner.writtenReview.correctAnswer,Correct answer,Pravilen odgovor,draft
examiner.writtenReview.computedScore,Computed written score,Computed written točke,draft
examiner.writtenReview.apply,Apply computed written score,Apply computed written točke,draft
examiner.writtenReview.helper,Only questions with a configured correctAnswer are auto-scored. Written answers remain examiner-reviewed.,Only vprašanjes with a configured correctOdgovor are auto-točked. Written odgovors remain izpitiner-reviewed.,draft
examiner.reportReview.title,Consulting report review,Consulting poročilo review,draft
examiner.reportReview.helper,"Review the candidate report draft, field notes, photos and section completeness before assigning the report score.","Review the kandidat poročilo draft, field notes, fotografijas and sekcija completeness before assigning the poročilo točke.",draft
examiner.reportReview.sections,sections,sekcijas,draft
examiner.reportReview.photos,photos,fotografijas,draft
examiner.reportReview.complete,complete,complete,draft
examiner.reportReview.filled,filled,filled,draft
examiner.reportReview.missing,missing,missing,draft
report.photoAdded,Photo added to the report draft.,Fotografija added to the poročilo draft.,draft
report.photoError,Photo could not be loaded. Try another image.,Fotografija could not be naložied. Try another image.,draft
examiner.identity.title,Confirm Examiner identity,Confirm Izpitiner identity,draft
examiner.identity.name,Examiner name,Izpitiner name,draft
examiner.identity.confirmed,Identity confirmed,Identity confirmed,draft
examiner.identity.confirm,Confirm identity,Confirm identity,draft
examiner.worklist.title,Assigned Candidate worklist,Assigned Kandidat worklist,draft
examiner.worklist.helper,Primary Examiner must complete the full outdoor form. Secondary Examiner input is optional/supporting.,Primary Izpitiner must complete the full outdoor form. Secondary Izpitiner input is optional/supporting.,draft
examiner.worklist.emptyTitle,No assigned Candidates are available for this Examiner.,No assigned Kandidats are available for this Izpitiner.,draft
examiner.worklist.emptyHelper,"Ask the Centre to assign this Examiner as primary or secondary, save Centre Setup, then reopen the Examiner QR session.","Ask the Centre to assign this Izpitiner as primary or secondary, shrani Centre Nastavitev, then reodpri the Izpitiner QR session.",draft
examiner.worklist.primaryCheckbox,I am the primary examiner for this candidate,I am the primary izpitiner for this kandidat,draft
examiner.role.primary,primary,primary,draft
examiner.role.secondary,secondary,secondary,draft
outdoor.backToLanding,Back to landing,Back to landing,draft
outdoor.candidateBinding,Candidate binding,Kandidat binding,draft
outdoor.activeRecord,Active record,Active record,draft
outdoor.level,Level,Level,draft
outdoor.total,Outdoor total,Outdoor total,draft
outdoor.paperArchive.title,Paper management plan archive,Paper management plan archive,draft
outdoor.paperArchive.helper,Candidate prepares this on paper. Examiner photographs it as a pilot/archive placeholder.,Kandidat prepares this on paper. Izpitiner fotografijagraphs it as a pilot/archive placeholder.,draft
outdoor.paperArchive.button,Photograph paper plan,Fotografijagraph paper plan,draft
outdoor.paperArchive.photos,Archived photos,Archived fotografijas,draft
outdoor.points,points,points,draft
outdoor.detail.title,Outdoor form detail,Outdoor form detail,draft
outdoor.detail.helper,Jump between sections freely. Each question includes Notes / marking guidance.,Jump between sekcijas freely. Each vprašanje includes Notes / marking guidance.,draft
outdoor.pointsLabel,Points,Points,draft
outdoor.examinerNotes,Examiner notes / justification,Izpitiner notes / justification,draft
outdoor.submit,Submit and close outdoor form,Submit and close outdoor form,draft
outdoor.mode.primary,primary - full form required,primary - full form required,draft
outdoor.mode.secondary,secondary - optional input,secondary - optional input,draft
outdoor.mode.unassigned,unassigned,unassigned,draft
outdoor.autosave,autosave to sync queue,autoshrani to sync queue,draft
scoring.title,Examiner / Candidate scoring and evaluation,Izpitiner / Kandidat scoring and evaluation,draft
scoring.subtitle,Scoring engine uses the candidate level.,Scoring engine uses the kandidat level.,draft
scoring.written,Written,Written,draft
scoring.outdoor,Outdoor,Outdoor,draft
scoring.report,Report,Poročilo,draft
scoring.total,Total,Total,draft
scoring.percentage,Percentage,Percentage,draft
scoring.result,Result,Result,draft
scoring.pass,PASS,PASS,draft
scoring.notPassed,NOT PASSED,NOT PASSED,draft
scoring.generate,Generate Evaluation,Generate Evaluation,draft
scoring.loadPreview,Load Evaluation Preview,Naloži Evaluation Preview,draft
scoring.loading,Loading...,Naložiing...,draft
scoring.downloadDraftExport,Download Draft Export (.xls),Downnaloži Draft Izvozi (.xls),draft
scoring.exporting,Exporting...,Izvoziing...,draft
scoring.draftOnly,Draft Export only — not the official VETcert evaluation template.,Draft Izvozi only — not the official VETcert evaluation template.,draft
scoring.lastGenerated,Last generated evaluation,Last generated evaluation,draft
evaluation.preview.title,Evaluation preview,Evaluation preview,draft
evaluation.preview.helper,Backend-loaded preview of the current Candidate evaluation data.,Backend-naložied preview of the trenutno Kandidat evaluation data.,draft
evaluation.preview.written,Written,Written,draft
evaluation.preview.outdoor,Outdoor,Outdoor,draft
evaluation.preview.report,Report,Poročilo,draft
evaluation.preview.total,Total,Total,draft
evaluation.preview.percentage,Percentage,Percentage,draft
evaluation.preview.result,Result,Result,draft
evaluation.preview.outdoorScores,Outdoor scores,Outdoor točkes,draft
evaluation.preview.reportSummary,Report summary,Poročilo summary,draft
evaluation.preview.hasReportDraft,Report draft,Poročilo draft,draft
evaluation.preview.treesWithContent,Trees with content,Drevos with content,draft
evaluation.preview.fieldNotesFilled,Field notes filled,Field notes filled,draft
evaluation.preview.finalSectionsFilled,Final sections filled,Final sekcijas filled,draft
evaluation.preview.photoPlaceholders,Photo placeholders,Fotografija placeholders,draft
evaluation.preview.submitted,Submitted,Submitted,draft
evaluation.preview.primaryScores,Primary scores,Primary točkes,draft
evaluation.preview.secondaryScores,Secondary scores,Secondary točkes,draft
evaluation.preview.yes,yes,yes,draft
evaluation.preview.no,no,no,draft
centre.access.title,Certification centre / Open delegated workspace,Certification centre / Odpri delegated workspace,draft
centre.access.subtitle,Open workspace using Centre QR received from Admin.,Odpri workspace using Centre QR received from Admin.,draft
centre.access.placeholder,Paste centre token,Paste centre token,draft
centre.access.open,Open centre workspace,Odpri centre workspace,draft
centre.access.prototypeToken,Prototype token,Prototype token,draft
centre.setupPersistence.auditExport,Download Centre Audit Package (.xls),Downnaloži Centre Audit Paket (.xls),draft
centre.setupPersistence.exporting,Exporting...,Izvoziing...,draft
centre.dataMode.backend,backend-loaded pilot data,backend-naložied pilot data,draft
centre.dataMode.demo,demo fallback data,demo fallback data,draft
centre.copy.copied,Copied {label} QR link,Copied {label} QR link,draft
centre.copy.unavailable,Copy unavailable. Select and copy {label} QR link manually.,Copy unavailable. Select and copy {label} QR link manually.,draft
centre.variants.import,Import tests,Uvozi teste,draft
centre.candidates.title,Candidate list,Kandidat list,draft
centre.candidates.add,Add candidate,Add kandidat,draft
centre.candidateDetails.id,Candidate ID,Kandidat ID,draft
centre.candidateDetails.name,Name,Ime,draft
centre.candidateDetails.level,Level,Level,draft
centre.examiners.title,Examiner list,Izpitiner list,draft
centre.examiners.add,Add examiner,Add izpitiner,draft
centre.examinerDetails.id,ID,ID,draft
centre.examinerDetails.name,Name,Ime,draft
centre.examinerDetails.email,Email,Email,draft
centre.assignments.title,Examiner assignments,Izpitiner assignments,draft
centre.assignments.candidate,Candidate,Kandidat,draft
centre.assignments.level,Level,Level,draft
centre.assignments.primary,Primary Examiner,Primary Izpitiner,draft
centre.assignments.secondary,Secondary Examiner,Secondary Izpitiner,draft
centre.workflow.title,Pilot workflow status,Pilot workflow status,draft
centre.workflow.helper,"Pilot workflow status across setup, assignments, candidate sections, responses, report drafts and outdoor scoring.","Pilot workflow status across nastavitev, assignments, kandidat sekcijas, responses, poročilo drafts and outdoor scoring.",draft
centre.workflow.syncHelper,Use the sync queue panel to review sync status after smoke test.,Use the sync queue panel to review sync status after smoke test.,draft
centre.workflow.setupIssues,Centre Setup issue(s),Centre Nastavitev issue(s),draft
centre.workflow.candidates,candidates,kandidats,draft
centre.workflow.examiners,examiners,izpitiners,draft
centre.workflow.assignments,assignments,assignments,draft
centre.workflow.testPackageImported,test package imported,test paket uvozied,draft
centre.workflow.noTestPackage,no test package,no test paket,draft
centre.workflow.demoWarning,This session uses demo fallback data for testing only. Load Centre Setup to use backend-loaded pilot data; counts may reflect demo fallback state until then.,This session uses demo fallback data for testing only. Naloži Centre Nastavitev to use backend-naložied pilot data; counts may reflect demo fallback state until then.,draft
centre.workflow.candidate,Candidate,Kandidat,draft
centre.workflow.level,Level,Level,draft
centre.workflow.primaryExaminer,Primary Examiner,Primary Izpitiner,draft
centre.workflow.secondaryExaminer,Secondary Examiner,Secondary Izpitiner,draft
centre.workflow.identity,Identity,Identity,draft
centre.workflow.writtenTest,Written test,Written test,draft
centre.workflow.report,Report,Poročilo,draft
centre.workflow.responses,Responses,Responses,draft
centre.workflow.outdoorScores,Outdoor scores,Outdoor točkes,draft
centre.workflow.confirmed,confirmed,confirmed,draft
centre.workflow.notConfirmed,not confirmed,not confirmed,draft
centre.workflow.closedAt,Closed,Closed,draft
centre.workflow.sections,sections,sekcijas,draft
centre.workflow.photos,photos,fotografijas,draft
status.centreQrRequired,"Open the Centre portal with a valid Centre QR session, then try again.","Odpri the Centre portal with a valid Centre QR session, then try again.",draft
status.backendPersistenceUnavailable,"Backend persistence is not configured. Set up Supabase persistence environment variables on the server, then restart the backend and try again.","Backend persistence is not configured. Set up Supabase persistence environment variables on the server, then restart the backend and try again.",draft
status.centreSetup.loadedEvent,Loaded Centre Setup for exam event {event}.,Naložied Centre Nastavitev for izpit event {event}.,draft
status.centreSetup.savedEvent,Saved Centre Setup for exam event {event}.,Shranid Centre Nastavitev for izpit event {event}.,draft
status.centreSetup.loadFailed,Centre Setup could not be loaded. Check the session and try again.,Centre Nastavitev could not be naložied. Check the session and try again.,draft
status.centreSetup.saveFailed,Centre Setup could not be saved. Check the Centre session and try again.,Centre Nastavitev could not be shranid. Check the Centre session and try again.,draft
status.centreAuditExport.sessionRequired,Open the Centre portal with a valid Centre QR session before downloading the Audit Package.,Odpri the Centre portal with a valid Centre QR session before downnaložiing the Audit Paket.,draft
status.testImport.importedFull,Imported {variants} variants and {questions} questions.,Uvozied {variants} variants and {vprašanjes} vprašanjes.,draft
status.testImport.failedWithMessage,Test import failed: {message},Test uvozi failed: {message},draft
status.testImport.fileReadFailed,Test import failed: the file could not be read.,Test uvozi failed: the file could not be read.,draft
status.evaluation.previewSessionRequired,Open this portal with a valid QR session before loading the evaluation preview.,Odpri this portal with a valid QR session before naložiing the evaluation preview.,draft
status.evaluation.previewUnavailable,Evaluation preview is unavailable. Reopen the Examiner QR session and try again.,Evaluation preview is unavailable. Reodpri the Izpitiner QR session and try again.,draft
status.export.sessionRequired,Open this portal with a valid QR session before downloading the Draft Export.,Odpri this portal with a valid QR session before downnaložiing the Draft Izvozi.,draft
status.export.unavailable,Draft Export is unavailable. Reopen the Examiner QR session and try again.,Draft Izvozi is unavailable. Reodpri the Izpitiner QR session and try again.,draft
common.open,Open,Odpri,draft
common.close,Close,Zapri,draft
common.cancel,Cancel,Prekliči,draft
common.ready,Ready,Pripravljeno,draft
app.heroTitle,Digital VETcert examination system,Digital VETcert izpitination system,draft
app.dedicatedPortal,Dedicated {role} portal,Dedicated {role} portal,draft
qrScanner.scan,Scan {role} QR,Scan {role} QR,draft
admin.openExam.title,Admin / Open exam event,Admin / Odpri izpit event,draft
admin.openExam.subtitle,"Admin sets centre, date, place and exam language, then sends centre access QR.","Admin sets centre, date, place and izpit jezik, then sends centre access QR.",draft
admin.centre,Certification centre,Certification centre,draft
admin.examLanguage,Exam language,Izpit jezik,draft
admin.examDate,Exam date,Izpit date,draft
admin.place,Place,Place,draft
admin.authoring.sectionTitle,A - Create/edit examination materials,A - Create/edit izpitination materials,draft
admin.authoring.sectionDescription,"Structured source of four examination documents. Questions, sections, scoring and examiner guidance are edited here and saved as the final examination package.","Structured source of four izpitination documents. Vprašanjes, sekcijas, scoring and izpitiner guidance are edited here and shranid as the final izpitination paket.",draft
admin.authoring.panelTitle,Create/edit examination materials,Create/edit izpitination materials,draft
admin.authoring.panelDescription,Edit the four source examination documents. These data create the examination package for the system and the print/PDF document version.,Edit the four source izpitination documents. These data create the izpitination paket for the system and the print/PDF document version.,draft
admin.authoring.loadVet,Load .vet,Naloži .vet,draft
admin.authoring.printPdf,Print / PDF,Print / PDF,draft
admin.authoring.createPackage,Create package,Create paket,draft
admin.authoring.advancedTools,Advanced tools,Napredna orodja,draft
admin.authoring.hideAdvanced,Hide advanced tools,Hide advanced tools,draft
admin.authoring.advancedServiceActions,Advanced / service actions,Advanced / service actions,draft
admin.authoring.openCurrent,Open current materials,Odpri trenutno materials,draft
admin.authoring.openDraft,Open working draft,Odpri working draft,draft
admin.authoring.saveDraft,Save draft,Shrani draft,draft
admin.authoring.saveAdminJson,Save as Admin JSON package,Shrani as Admin JSON paket,draft
admin.authoring.useLatestAdminPackage,Use latest package from Admin workflow,Use latest paket from Admin workflow,draft
admin.authoring.listDrafts,List all drafts,List all drafts,draft
admin.authoring.importJson,Import JSON,Uvozi JSON,draft
admin.authoring.exportDraft,Export draft,Izvozi draft,draft
admin.authoring.exportPackageJson,Export package JSON,Izvozi paket JSON,draft
admin.authoring.advancedHelper,"These tools are mainly for migration, backups and technical checks. For routine exam preparation, use the main buttons above.","These tools are mainly for migration, backups and technical checks. For routine izpit preparation, use the main buttons above.",draft
admin.authoring.savedDrafts,Saved structured drafts,Shranid structured drafts,draft
admin.authoring.selectDraft,Select draft...,Select draft...,draft
admin.authoring.openDraftShort,Open draft,Odpri draft,draft
admin.authoring.itemsLabel,items,items,draft
admin.authoring.questionsLabel,questions,vprašanjes,draft
admin.authoring.pointsLabel,marks,točke,draft
admin.authoring.manualReviewTitle,Manual document review,Ročni pregled dokumenta,draft
admin.authoring.manualReviewDescription,"Edit the preface, candidate introduction, sections and questions. This structure is the source for the JSON package and print/PDF.","Edit the preface, kandidat introduction, sekcijas and vprašanjes. This structure is the source for the JSON paket and print/PDF.",draft
admin.authoring.filterSection,Filter section,Filtriraj sekcijo,draft
admin.authoring.allSections,All sections,Vse sekcije,draft
admin.authoring.documentTitle,Document title,Naslov dokumenta,draft
admin.authoring.prefaceLabel,Preface / document notes,Predgovor / opombe dokumenta,draft
admin.authoring.candidateIntroLabel,Introductory text for candidates,Uvodno besedilo za kandidate,draft
admin.authoring.sectionsEmpty,Sections are created from the Section field in individual questions.,Sekcijas are created from the Sekcija field in individual vprašanjes.,draft
admin.authoring.addItem,+ item,+ postavka,draft
admin.authoring.noItems,This document has no items yet.,Ta dokument še nima postavk.,draft
admin.authoring.noSectionItems,This section has no items yet.,Ta sekcija še nima postavk.,draft
admin.authoring.noActivePackage,No active package is loaded. Use Load .vet or create a new package.,No active paket is naložied. Use Naloži .vet or create a new paket.,draft
admin.authoring.itemEditorTitle,Edit item,Uredi postavko,draft
admin.authoring.idLabel,ID,ID,draft
admin.authoring.numberLabel,Number,Številka,draft
admin.authoring.typeLabel,Type,Tip,draft
admin.authoring.maxScoreLabel,Maximum score,Največje število točk,draft
admin.authoring.sectionFieldLabel,Section,Sekcija,draft
admin.authoring.themeLabel,Theme,Tema,draft
admin.authoring.questionBodyLabel,Question body,Besedilo vprašanja,draft
admin.authoring.outdoorQuestionTextLabel,Question body / candidate text,Vprašanje body / kandidat besedilo,draft
admin.authoring.examinerGuidanceLabel,Examiner help / scoring guidance,Izpitiner help / scoring guidance,draft
admin.authoring.optionsLabel,"Options, one per line, e.g. A. ...","Možnosti, ena v vrstici, npr. A. ...",draft
admin.authoring.correctAnswerLabel,Correct answer,Pravilen odgovor,draft
admin.authoring.scoringHelpLabel,Examiner help / correct answer / scoring guidance,Izpitiner help / correct odgovor / scoring guidance,draft
admin.authoring.renameFilteredSection,Rename filtered section,Rename filtered sekcija,draft
admin.authoring.autosavedLocal,Changes were saved locally.,Changes were shranid locally.,draft
admin.authoring.autosaveFailed,Local autosave failed.,Local autoshrani failed.,draft
common.duplicate,Duplicate,Podvoji,draft
common.delete,Delete,Izbriši,draft
admin.openExam.sectionDescription,"The administrator sets the certification centre, date, place and examination language, then sends the Centre access link / QR.","The administrator sets the certification centre, date, place and izpitination jezik, then sends the Centre access link / QR.",draft
admin.translation.sectionTitle,C - Interface translation,C - Interface translation,draft
admin.translation.sectionDescription,User interface translations are managed here. Examination content translation is controlled by the package created in section A.,User interface translations are managed here. Izpitination content translation is controlled by the paket created in sekcija A.,draft
admin.centreAccess.title,Centre access link / QR,Centre access link / QR,draft
admin.centreAccess.send,Send centre link / QR,Send centre link / QR,draft
admin.centreAccess.scan,Scan centre QR,Scan centre QR,draft
admin.multilingual.title,Admin / Multilingual layer,Admin / večjezična plast,draft
admin.multilingual.subtitle,UI translations are managed separately from exam content.,UI translations are managed separately from izpit content.,draft
admin.multilingual.sourceTerms,EN source + national terms,EN source + national terms,draft
admin.multilingual.needsReview,needs review,needs review,draft
status.openedForCentre,Opened for Centre,Odpried for Centre,draft
audit.centreAccessSent,Centre access link sent,Centre access link sent,draft
status.testImport.loadedStoredFull,Loaded stored test package with {variants} variant(s) and {questions} question(s).,Naložied stored test paket with {variants} variant(s) and {vprašanjes} vprašanje(s).,draft
status.testImport.loadedStored,Loaded stored test package.,Naložied stored test paket.,draft
status.centreAuditExport.unavailable,The Centre Audit Package requires a valid Centre session. Reopen the Centre QR and try again.,The Centre Audit Paket requires a valid Centre session. Reodpri the Centre QR and try again.,draft
app.mvpPrototype,Full workflow,Full workflow,draft
app.offlineFirst,offline-first,offline-first,draft
common.loading,Loading...,Naložiing...,draft
admin.translation.interfaceOnly,Translation management applies only to the application interface. Exam content comes from the Admin package and must not be changed by UX language.,Translation management applies only to the application interface. Izpit content comes from the Admin paket and must not be changed by UX jezik.,draft
admin.translation.tableTitle,Dedicated UI translation table,Namenska tabela prevodov uporabniškega vmesnika,draft
admin.translation.tableHelper,"Every interface term is stored here with its key, English source, current UI translation and context for Admin review.","Every interface term is stored here with its key, English source, trenutno UI translation and conbesedilo for Admin review.",draft
admin.translation.source,EN source,Vir EN,draft
admin.translation.current,Current UI text,Trenutno besedilo vmesnika,draft
admin.translation.exportCsv,Export translation CSV,Izvozi CSV prevodov,draft
admin.translation.import,Import translation file,Uvozi datoteko prevodov,draft
admin.translation.importHelper,Import UI translations into the currently selected interface language. The file may be CSV exported from this table or a flat JSON dictionary.,Uvozi UI translations into the trenutnoly selected interface jezik. The file may be CSV izvozied from this table or a flat JSON dictionary.,draft
admin.translation.importConfirm,Importing translations for {language} (from the system setting). Overwrite the current interface?,Uvoziing translations for {jezik} (from the system setting). Overwrite the trenutno interface?,draft
admin.translation.importYes,"Yes, overwrite","Yes, overwrite",draft
admin.translation.importNo,No,No,draft
admin.translation.importReady,{count} translation term(s) found.,{count} translation term(s) found.,draft
admin.translation.imported,Translations were imported. Reloading the interface.,Translations were uvozied. Renaložiing the interface.,draft
admin.translation.importFailed,Translation import failed. Check the file format.,Translation uvozi failed. Check the file format.,draft
admin.centreAccess.helper,Generate the centre link only when the package is ready and the exam is open.,Generate the centre link only when the paket is pripravljeno and the izpit is odpri.,draft
admin.centreAccess.copyPrompt,Copy the Centre access link,Copy the Centre access link,draft
admin.packagePdf.helper,Certification PDFs are converted into a local JSON package. The application UX language does not change the language or content of exam documents.,Certification PDFs are converted into a local JSON paket. The application UX jezik does not change the jezik or content of izpit documents.,draft
admin.packagePdf.convert,Convert 4 PDFs,Convert 4 PDFs,draft
admin.packagePdf.loadList,Load list,Naloži list,draft
admin.packagePdf.loadLatest,Load latest,Naloži latest,draft
admin.packagePdf.loadActive,Load active,Naloži active,draft
admin.packagePdf.approve,Approve for Centre,Approve for Centre,draft
admin.packagePdf.overrideApprove,Override approval,Override approval,draft
centre.package.sectionTitle,A - Load exam package,A - Naloži izpit paket,draft
centre.package.sectionDescription,Load the .vet package sent by Admin. The package sets the content of tests and forms for further exam preparation.,Naloži the .vet paket sent by Admin. The paket sets the content of tests and forms for further izpit preparation.,draft
centre.package.panelTitle,Load the .vet package sent by Admin,"Naloži paket .vet, ki ga je poslal Admin",draft
centre.package.panelHelper,This step sets the current exam content for the centre. Levels and variants are taken directly from the package.,This step sets the trenutno izpit content for the centre. Levels and variants are taken directly from the paket.,draft
centre.package.cardHelper,"Select VetBara Package 1. The package contains rules, tests and forms for the outdoor session in the relevant language.","Select VetBara Paket 1. The paket contains rules, tests and forms for the outdoor session in the relevant jezik.",draft
centre.package.loadFile,Load .vet,Naloži .vet,draft
centre.package.loadServer,Load from server,Naloži s strežnika,draft
centre.package.defaultLabel,package,paket,draft
centre.package.activeLabel,active package,active paket,draft
centre.package.statusLoaded,"Loaded: {label} ({testQuestions} test questions, {outdoorItems} outdoor items).","Naložied: {label} ({testVprašanjes} test vprašanjes, {outdoorItems} outdoor items).",draft
centre.package.statusLoadingVet,Loading VetBara Package 1 (.vet)...,Naložiing VetBara Paket 1 (.vet)...,draft
centre.package.statusLoadingServer,Loading active package from server...,Naložiing active paket from server...,draft
centre.package.errorNoData,The package does not contain Package 1 data.,The paket does not contain Paket 1 data.,draft
centre.package.errorImportFailed,Importing the .vet package failed.,Uvoziing the .vet paket failed.,draft
centre.package.errorServerFailed,Loading the active package failed.,Naložiing the active paket failed.,draft
centre.advancedTools,Advanced tools,Napredna orodja,draft
centre.advancedTools.helper,"Service options for audit, manual import of older packages and operational checks. A normal exam run usually does not need them.","Service options for audit, manual uvozi of older pakets and operational checks. A normal izpit run usually does not need them.",draft
centre.setup.openSaved,Open saved setup,Odpri shranjene nastavitve,draft
centre.fieldSetup.sectionTitle,B - Field site setup,B - Field site nastavitev,draft
centre.fieldSetup.sectionDescription,"Preparation of the field part of the exam: test centre, physical trees, Practicing/Consulting A-D assignments, Practicing A data, validation and candidate exports.","Preparation of the field part of the izpit: test centre, physical drevos, Practicing/Consulting A-D assignments, Practicing A data, validacija and kandidat izvozis.",draft
centre.people.sectionTitle,C - Candidates and examiners,C - Kandidats and izpitiners,draft
centre.people.sectionDescription,"Manage candidates, examiners and primary/secondary examiner assignments. Candidate and examiner lists use the same type of edit cards.","Manage kandidats, izpitiners and primary/secondary izpitiner assignments. Kandidat and izpitiner lists use the same type of edit cards.",draft
candidate.section.orientation,Orientation,Orientation,draft
candidate.section.trees,Tree preparation,Drevo preparation,draft
field.map.packageStored,Field map package is stored on this tablet.,Field map paket is stored on this tablet.,draft
examiner.offlinePackage.title,Offline candidate package,Offline kandidat paket,draft
examiner.offlinePackage.helper,"If the backend or internet does not work, upload the JSON package exported from the Candidate portal here.","If the backend or internet does not work, upnaloži the JSON paket izvozied from the Kandidat portal here.",draft
examiner.offlinePackage.import,Import offline package,Uvozi offline paket,draft
common.remove,Remove,Remove,draft
common.saving,Saving...,Saving...,draft
centre.setup.save,Save setup,Shrani nastavitve,draft
centre.meta.packageLoaded,Package loaded,Paket naložied,draft
centre.meta.waitingForPackage,Waiting for package,Waiting for paket,draft
centre.meta.peopleCount,{candidates} candidate(s) · {examiners} examiner(s),{kandidats} kandidat(s) · {izpitiners} izpitiner(s),draft
centre.meta.checkCount,{count} check(s),{count} check(s),draft
centre.candidates.helper,Enter candidates and their exam level.,Enter kandidats and their izpit level.,draft
centre.examiners.helper,Add or edit examiners who will be assigned to candidates.,Add or edit izpitiners who will be assigned to kandidats.,draft
centre.accessControl.sectionTitle,D - Access and checks,D - Access and checks,draft
centre.accessControl.sectionDescription,"QR links for candidates and examiners, readiness checks and operational exam overview.","QR links for kandidats and izpitiners, readiness checks and operational izpit overview.",draft
centre.results.title,Candidate results overview,Pregled rezultatov kandidatov,draft
centre.results.helper,Summary of individual candidate results. Result editing takes place in the Examiner interface after clicking the relevant result.,Summary of individual kandidat results. Result editing takes place in the Izpitiner interface after clicking the relevant result.,draft
centre.results.candidateNumber,Candidate number,Številka kandidata,draft
centre.results.name,Name,Ime,draft
centre.results.testResult,Test result,Rezultat testa,draft
centre.results.outdoorResult,Outdoor result,Rezultat outdoor dela,draft
centre.results.reportResult,Report result,Rezultat poročila,draft
centre.results.answeredCount,{answered} / {total} answered,{odgovored} / {total} odgovored,draft
centre.results.primary,Primary,Primary,draft
centre.results.secondary,Secondary,Secondary,draft
centre.results.notRequired,Not required,Ni zahtevano,draft
common.find,Find,Find,draft
common.name,Name,Ime,draft
centre.fieldSetup.panelTitle,Field site setup,Priprava terenskega mesta,draft
centre.fieldSetup.panelHelper,"Prepare the map and trees, open tablet mode, load changes from the tablet and save the final field setup.","Prepare the map and drevos, odpri tablet mode, naloži changes from the tablet and shrani the final field nastavitev.",draft
centre.fieldSetup.errorCount,{count} error(s),{count} napaka(s),draft
centre.fieldSetup.noBlockingError,No blocking error,No blocking napaka,draft
centre.fieldSetup.requiredAssignments,{ready} / {total} required assignments,{pripravljeno} / {total} required assignments,draft
centre.fieldSetup.tabletSyncLoaded,Tablet sync loaded,Tablet sync naložied,draft
centre.fieldSetup.tabletAccess,Tablet access,Dostop s tablico,draft
centre.fieldSetup.reopenRequiresPassword,Reopen requires Vetarbo,Reodpri requires Vetarbo,draft
centre.fieldSetup.openTablet,Open tablet,Odpri tablico,draft
centre.fieldSetup.loadTabletChanges,Load tablet changes,Naloži spremembe s tablice,draft
centre.fieldSetup.loadTabletChangesTitle,Load changes saved by the tablet,Naloži changes shranid by the tablet,draft
centre.fieldSetup.lastSyncLoaded,Last sync loaded: {date},Last sync naložied: {date},draft
centre.fieldSetup.siteName,Site name,Site name,draft
centre.fieldSetup.examId,Exam ID,Izpit ID,draft
centre.fieldSetup.referenceCoordinates,Reference coordinates,Reference coordinates,draft
centre.fieldSetup.mapPreviewTitle,Field site map preview,Field site map preview,draft
centre.fieldSetup.mapPreviewHelper,The MVP shows a working map canvas with GPS points. Real Leaflet/CUZK layers are prepared as the next technical step of the module.,The MVP shows a working map canvas with GPS points. Real Leaflet/CUZK layers are prepared as the next technical step of the module.,draft
centre.fieldSetup.reference,Reference,Reference,draft
centre.fieldSetup.centerMarker,Centre,Center,draft
centre.fieldSetup.treeMarker,tree,drevo,draft
centre.fieldSetup.examCentre,Exam centre,Izpit centre,draft
centre.fieldSetup.latitude,Latitude,Latitude,draft
centre.fieldSetup.longitude,Longitude,Longitude,draft
centre.fieldSetup.candidateNote,Candidate note,Kandidat note,draft
centre.fieldSetup.internalNote,Internal note,Internal note,draft
centre.fieldSetup.selectedTree,Selected tree,Izbrano drevo,draft
centre.fieldSetup.treeName,Tree name,Ime drevesa,draft
centre.fieldSetup.assignments,Assignments,Assignments,draft
centre.fieldSetup.addAssignment,+ assignment,+ assignment,draft
centre.fieldSetup.managementDataTitle,Practicing A · management data,Practicing A · management data,draft
centre.fieldSetup.taxon,Taxon,Taxon,draft
centre.fieldSetup.heightM,Height m,Height m,draft
centre.fieldSetup.stemDiameterCm,Stem diameter cm,Stem diameter cm,draft
centre.fieldSetup.crownSpreadM,Crown spread m,Crown spread m,draft
centre.fieldSetup.interventionTechnology,Intervention technology,Intervention technology,draft
centre.fieldSetup.addTechnology,+ technology,+ technology,draft
centre.fieldSetup.technology,Technology,Technology,draft
centre.fieldSetup.description,Description,Description,draft
centre.fieldSetup.photos,Photos,Fotografije,draft
centre.fieldSetup.selectTreeOrCentre,Select a tree or the exam centre on the map.,Select a drevo or the izpit centre on the map.,draft
centre.fieldSetup.validationTitle,Validation,Validacija,draft
centre.fieldSetup.validationComplete,Preparation is complete.,Preparation is complete.,draft
centre.fieldSetup.error.allRequiredReady,All required Practicing A-D and Consulting A-D trees are already prepared. Add another tree only by changing an existing assignment.,All required Practicing A-D and Consulting A-D drevos are alpripravljeno prepared. Add another drevo only by changing an existing assignment.,draft
centre.fieldSetup.error.loadFailed,Field setup could not be loaded.,Field nastavitev could not be naložied.,draft
centre.fieldSetup.status.loaded,Field setup loaded.,Field nastavitev naložied.,draft
centre.fieldSetup.error.tabletLoadFailed,Tablet changes could not be loaded.,Tablet changes could not be naložied.,draft
centre.fieldSetup.status.tabletChangesLoadedWithId,Tablet changes loaded ({syncId}).,Tablet changes naložied ({syncId}).,draft
centre.fieldSetup.status.tabletChangesLoaded,Tablet changes loaded.,Tablet changes naložied.,draft
centre.fieldSetup.error.saveFailed,Field setup could not be saved.,Field nastavitev could not be shranid.,draft
centre.fieldSetup.status.saved,Field setup saved.,Field nastavitev shranid.,draft
centre.fieldSetup.error.coordinateFormat,"Coordinates must use a format such as 49.406706323, 15.129055089.","Coordinates must use a format such as 49.406706323, 15.129055089.",draft
centre.fieldSetup.reopenPrompt,Field tablet has already been synced back. Enter Vetarbo password to reopen it:,Field tablet has alpripravljeno been synced back. Enter Vetarbo password to reodpri it:,draft
centre.fieldSetup.error.tabletLocked,Tablet mode is locked after tablet changes were loaded. Enter the Vetarbo password to reopen it.,Tablet mode is locked after tablet changes were naložied. Enter the Vetarbo password to reodpri it.,draft
centre.fieldSetup.validation.centerGps,Exam centre does not have valid GPS coordinates.,Izpit centre does not have valid GPS coordinates.,draft
centre.fieldSetup.validation.treeGps,{tree} does not have valid GPS coordinates.,{drevo} does not have valid GPS coordinates.,draft
centre.fieldSetup.validation.missingTree,Missing {level} tree {code}.,Missing {level} drevo {code}.,draft
centre.fieldSetup.validation.duplicateTree,{level} tree {code} is assigned more than once.,{level} drevo {code} is assigned more than once.,draft
centre.fieldSetup.validation.practicingAMissingData,Practicing A has no management data.,Practicing A has no management data.,draft
centre.fieldSetup.validation.practicingATaxon,Practicing A: taxon is missing.,Practicing A: taxon is missing.,draft
centre.fieldSetup.validation.practicingAHeight,Practicing A: height is missing.,Practicing A: height is missing.,draft
centre.fieldSetup.validation.practicingAStemDiameter,Practicing A: stem diameter is missing.,Practicing A: stem diameter is missing.,draft
centre.fieldSetup.validation.practicingACrownSpread,Practicing A: crown spread is missing.,Practicing A: crown spread is missing.,draft
centre.fieldSetup.validation.practicingAIntervention,Practicing A: at least one intervention technology is missing.,Practicing A: at least one intervention technology is missing.,draft
fieldTablet.defaultTreeName,Tree {index},Drevo {index},draft
vetcert.rules.title,VETcert Rules reference,Referenca pravil VETcert,draft
vetcert.rules.body,"Official examination rules are the reference document for the certification process. Examination materials, model answers and completed exams are confidential.","Official izpitination rules are the reference document for the certification process. Izpitination materials, model odgovors and completed izpits are confidential.",draft
vetcert.rules.confidentiality,"Do not show correct answers, answer keys or guiding marking notes to Candidates or Examiners in the assessment interface.","Do not show correct odgovors, odgovor keys or guiding marking notes to Kandidats or Izpitiners in the assessment interface.",draft
centre.fieldSetup.choosePhotos,Choose photos,Izberi fotografije,draft
centre.fieldSetup.noPhotosSelected,No photos selected,Ni izbranih fotografij,draft
centre.fieldSetup.photoCount,{count} photo(s) selected,Izbranih fotografij: {count},draft
admin.translation.termSaved,Translation saved locally.,Prevod je lokalno shranjen.,draft
admin.translation.clickToEdit,Click to edit this UI text.,Kliknite za urejanje tega besedila vmesnika.,draft
admin.translation.editCurrent,Edit current UI text for {key},Edit trenutno UI besedilo for {key},draft
